date,ticker,open,high,low,close,volume
2021-10-20,BITO,14.626079892336405,15.225395638117252,14.584507895461428,14.993289947509766,29871900
2021-10-21,BITO,14.775042480461181,14.823541820561772,13.99904907432802,14.144548416137695,20499700
2021-10-22,BITO,14.293509776294522,14.308407134557218,13.475947036523307,13.687265396118164,11914400
2021-10-25,BITO,14.172262077321815,14.310485199718906,14.040620064437965,14.057942390441895,7522900
2021-10-26,BITO,14.012908551640685,14.082193900181311,13.853553175052914,13.877802848815918,6142400
2021-10-27,BITO,13.188414500991202,13.283682011912385,12.990952134270923,13.184950828552246,6527000
2021-10-28,BITO,13.749624268714788,13.816484648795836,12.935525070699843,13.708053588867188,7176600
2021-10-29,BITO,13.663013577152615,14.106438866946846,13.630104071745752,13.992117881774902,7049000
2021-11-01,BITO,13.81544639335707,13.87433808160004,13.378949615463926,13.694196701049805,6042100
2021-11-02,BITO,14.11683359341787,14.34893795314537,14.05447692213122,14.196511268615723,6106400
2021-11-03,BITO,13.915904547271925,14.120295540066051,13.548694551799844,13.995583534240723,5160000
2021-11-04,BITO,13.796390099166915,13.92629960796979,13.496731584064824,13.614516258239746,4282300
2021-11-05,BITO,13.721909042164599,13.805050390465883,13.517518022121077,13.600659370422363,3022000
2021-11-08,BITO,14.601830656670714,14.868577042939704,14.53947398100815,14.743865013122559,8171800
2021-11-09,BITO,15.135327698737695,15.190755718844107,14.740402890290985,15.007150650024414,7763000
2021-11-10,BITO,15.214998805327873,15.343177120034502,14.49443485602563,14.657255172729492,9954400
2021-11-11,BITO,14.400904282079544,14.596634164265604,14.359333602630166,14.418225288391113,3247200
2021-11-12,BITO,14.161868081846654,14.303902416507087,13.839692414188733,14.245009422302246,7672600
2021-11-15,BITO,14.477110299578145,14.501359959322242,14.109899089656,14.165327072143555,6204300
2021-11-16,BITO,13.482877029676134,13.635305063831884,13.132987928697778,13.24038028717041,8119300
2021-11-17,BITO,13.385878188941412,13.472484545051548,13.173173528082295,13.403199195861816,7245800
2021-11-18,BITO,13.09834152678796,13.164161860346926,12.5613812358045,12.855843544006348,11930400
2021-11-19,BITO,12.817739559340087,12.95284525136212,12.786561221065156,12.821203231811523,6827900
2021-11-22,BITO,12.937259053755776,12.980562235677295,12.336210677243768,12.363924026489258,10940500
2021-11-23,BITO,12.637598196141374,12.83506056471327,12.54406318131658,12.821203231811523,6421000
2021-11-24,BITO,12.412420585461513,12.713810261699164,12.374313586562126,12.710345268249512,5460200
2021-11-26,BITO,12.05560343648656,12.083318102306466,11.889319406091133,11.930890083312988,5211600
2021-11-29,BITO,12.644527144241659,13.021092179111003,12.544063460728223,12.841989517211914,6690000
2021-11-30,BITO,12.908157858650993,13.112201348480115,12.464386196437756,12.675705909729004,6746800
2021-12-01,BITO,12.935523598359039,13.067165611318849,12.478242207559633,12.499028205871582,6683000
2021-12-02,BITO,12.460921327990663,12.672241021003133,12.336207979884422,12.57177734375,4670600
2021-12-03,BITO,12.492100240940326,12.51288491891097,11.324645706295508,11.7403564453125,14049100
2021-12-06,BITO,10.638724133733568,10.888150854390323,10.510547100732992,10.756508827209473,8017300
2021-12-07,BITO,11.23803867969531,11.459752029573327,11.057897987021594,11.130647659301758,5064600
2021-12-08,BITO,11.068289085144905,11.276143745665642,10.969557923171397,11.172216415405273,6224900
2021-12-09,BITO,10.79461572592006,10.805008726094574,10.392762303061986,10.465511322021484,7156600
2021-12-10,BITO,10.902004340881831,10.940111336678411,10.396223702054492,10.652578353881836,8618700
2021-12-13,BITO,10.514011869700928,10.541725877504835,10.035944409140951,10.240335464477539,9171400
2021-12-14,BITO,10.302689659752529,10.520937996674418,10.19599045812952,10.503616333007812,7042600
2021-12-15,BITO,10.475904471490765,10.884686566957505,10.22301407709322,10.825794219970703,9616800
2021-12-16,BITO,10.701079193001076,10.74611485996655,10.437795839273045,10.517474174499512,5015400
2021-12-17,BITO,10.229940132948338,10.39968846370148,9.970121137983634,10.146798133850098,6895200
2021-12-20,BITO,10.039409495254459,10.371978274584418,9.987445809321247,10.316550254821777,4705400
2021-12-21,BITO,10.687222114751854,10.746114450324383,10.608236913418182,10.683757781982422,3273900
2021-12-22,BITO,10.708009037444201,10.817133223213848,10.645652359861547,10.770365715026855,3629600
2021-12-23,BITO,10.662970668541725,11.290000258693537,10.642184675390272,11.203393936157227,5727700
2021-12-27,BITO,11.255363984272416,11.445897726481835,11.179149958785336,11.244970321655273,4773700
2021-12-28,BITO,10.759972219614987,10.794614890093621,10.371629264525332,10.475903511047363,7170700
2021-12-29,BITO,10.389298895731345,10.534797607373552,10.292299534385176,10.354656219482422,4398600
2021-12-30,BITO,10.333868248462231,10.491491757569321,10.302689913847297,10.326939582824707,4659800
2021-12-31,BITO,10.517473379698501,10.555579717227369,9.994371044674555,10.01169204711914,5522200
2022-01-03,BITO,10.306158535388201,10.34772988575859,9.98398271746884,10.02901840209961,5205600
2022-01-04,BITO,10.278441705915293,10.41701173459341,9.942409303776609,10.122550010681152,6253900
2022-01-05,BITO,10.136407631535551,10.243799324213963,9.531548761920492,9.57519817352295,10718700
2022-01-06,BITO,9.35348587880352,9.519769913623506,9.284200533918183,9.450485229492188,6675300
2022-01-07,BITO,9.138700629345523,9.214914630788199,8.851167609389625,9.149093627929688,9618100
2022-01-10,BITO,8.688347447695765,9.190664451928845,8.619062115817446,9.114450454711914,12742500
2022-01-11,BITO,9.038237501733168,9.429697859419468,9.00359483432415,9.356948852539062,8372200
2022-01-12,BITO,9.582123536697894,9.618498033825714,9.46433888439978,9.568266868591309,6993300
2022-01-13,BITO,9.672194963126836,9.706837627285834,9.228770315550154,9.33962631225586,6406900
2022-01-14,BITO,9.232235070540991,9.485125407193266,9.194128732900689,9.412376403808594,7138100
2022-01-18,BITO,9.055560165467623,9.131774179892675,8.996667818300105,9.104060173034668,5490100
2022-01-19,BITO,9.211449198069667,9.304984191897171,9.048629537548862,9.076343536376953,5608600
2022-01-20,BITO,9.263413930164164,9.502447610557601,9.256485264470689,9.318841934204102,8127200
2022-01-21,BITO,8.411208834457794,8.51686802497463,8.189496132187276,8.348852157592773,14546700
2022-01-24,BITO,7.3338259749340216,8.196425168755233,7.240984086394718,8.134068489074707,19580500
2022-01-25,BITO,8.002422341772292,8.19988460226315,7.846530735724961,8.04399299621582,14666800
2022-01-26,BITO,8.386957995826378,8.480493005481549,7.995497613543799,8.054389953613281,16864700
2022-01-27,BITO,8.043996783125229,8.113282120820406,7.728749752044678,7.728749752044678,10216500
2022-01-28,BITO,8.082103115070074,8.25185145152479,7.969514615835487,8.234530448913574,8518700
2022-01-31,BITO,8.13407089552437,8.449318059837623,8.102892546460051,8.369640350341797,5328500
2022-02-01,BITO,8.480494989108479,8.558440848719684,8.314210929107322,8.383496284484863,5361600
2022-02-02,BITO,8.355781712783962,8.359245385641294,8.057855629743784,8.16871166229248,4222400
2022-02-03,BITO,7.953926096927498,8.080371937151542,7.888105753041553,7.912355422973633,3561700
2022-02-04,BITO,8.231068741529414,8.916990971468339,8.16871205503422,8.854634284973145,13078400
2022-02-07,BITO,9.356951070436706,9.717233178928703,9.315379727541359,9.641019821166992,10917000
2022-02-08,BITO,9.505909556849147,9.67219352722168,9.311910930660762,9.67219352722168,4576000
2022-02-09,BITO,9.616766188886995,9.779585838317871,9.526695533642103,9.779585838317871,3774400
2022-02-10,BITO,9.485126097931877,9.990907468823007,9.485126097931877,9.60983943939209,11501800
2022-02-11,BITO,9.498982618742431,9.584549585783664,9.156021619754663,9.232234954833984,10060500
2022-02-14,BITO,9.304985589993162,9.343091931136199,9.104058903111328,9.190665245056152,5875500
2022-02-15,BITO,9.658340686404312,9.713769363033414,9.554413321827145,9.630626678466797,3897500
2022-02-16,BITO,9.512839880897307,9.675660219769906,9.436626541071231,9.616767883300781,4197600
2022-02-17,BITO,9.169878494093577,9.207985492860708,8.882345488882972,8.903131484985352,7666000
2022-02-18,BITO,8.788808740977107,8.878878723055966,8.587882125659428,8.698738098144531,9924100
2022-02-22,BITO,8.158314344304813,8.341919964025893,8.130600350833115,8.241456985473633,6807300
2022-02-23,BITO,8.463171584921563,8.489153090267815,8.11501373079797,8.179102897644043,8870500
2022-02-24,BITO,7.668471970315832,8.63984901534103,7.64907223394212,8.334994316101074,16154000
2022-02-25,BITO,8.54285205997726,8.611790522534646,8.373103658517943,8.497817039489746,7294900
2022-02-28,BITO,8.48395589674462,9.138699531555176,8.480491564299385,9.138699531555176,13625700
2022-03-01,BITO,9.6867445052379,9.706837368850863,9.405447057671818,9.623695373535156,11998800
2022-03-02,BITO,9.544018888922754,9.880051928089419,9.457412544519629,9.554411888122559,7551100
2022-03-03,BITO,9.547482656434278,9.575196658571452,9.097129956516728,9.149093627929688,11761100
2022-03-04,BITO,8.993201552286044,9.0313085513097,8.490885203333937,8.584420204162598,8665200
2022-03-07,BITO,8.51167000998728,8.59134767503732,8.078638359818992,8.16178035736084,9189100
2022-03-08,BITO,8.41813742494745,8.563636127488088,8.289960389824772,8.36617374420166,7486100
2022-03-09,BITO,9.17334315693018,9.280735491729214,9.083272486173211,9.117915153503418,7202600
2022-03-10,BITO,8.497814587485506,8.64331326971827,8.435457914992327,8.61213493347168,4262700
2022-03-11,BITO,8.59134879017919,8.615599120769506,8.307280096517795,8.321137428283691,4508100
2022-03-14,BITO,8.425065994262695,8.518601014973415,8.345388307325731,8.425065994262695,3494200
2022-03-15,BITO,8.435459911329549,8.664100657412051,8.362710222619235,8.643315315246582,5141500
2022-03-16,BITO,8.78534819701798,8.962025227122501,8.542850157089262,8.889275550842285,7204500
2022-03-17,BITO,8.90313060641147,8.958558602373637,8.82345228405625,8.885808944702148,2516200
2022-03-18,BITO,8.799204641315653,9.159487358650994,8.761098298302326,9.156023025512695,5578200
2022-03-21,BITO,8.996665962472505,9.03477296182434,8.84423928657299,8.955095291137695,4770000
2022-03-22,BITO,9.329233917744878,9.415840247228951,9.194128255190959,9.207984924316406,5701900
2022-03-23,BITO,9.194128478898113,9.308448810168523,9.114450151661142,9.18027114868164,5161100
2022-03-24,BITO,9.32230835437788,9.64794844659095,9.273809005172089,9.571734428405762,7568000
2022-03-25,BITO,9.771969596371603,9.833979389973242,9.571735323105043,9.67912769317627,9335800
2022-03-28,BITO,10.323474355268484,10.494955180788345,10.290564187473462,10.43779468536377,6759100
2022-03-29,BITO,10.406619740791458,10.467243923864514,10.2576567072359,10.385833740234375,5306600
2022-03-30,BITO,10.257655226837121,10.392760907189322,10.172780722030007,10.219548225402832,4069100
2022-03-31,BITO,10.271513201425176,10.271513201425176,9.883517115002066,9.893909454345703,5067200
2022-04-01,BITO,9.852339923174318,10.159965229304943,9.8246259137728,10.084444999694824,7977300
2022-04-04,BITO,9.991602056027562,10.063658609849746,9.783054192862174,9.970124244689941,3693200
2022-04-05,BITO,10.091367792434564,10.115618116290989,9.85753100022604,9.990904808044434,4097500
2022-04-06,BITO,9.738015338236652,9.746675838535902,9.33616204541632,9.471267700195312,7099400
2022-04-07,BITO,9.3950568037743,9.492055489433485,9.315378462441984,9.377735137939453,4540100
2022-04-08,BITO,9.27380738761806,9.540555083231457,9.180272378389368,9.242629051208496,5543400
2022-04-11,BITO,8.858095269598277,8.922183768374213,8.601740613740676,8.629454612731934,4800700
2022-04-12,BITO,8.768022047867287,8.772525744836402,8.48048914449542,8.483953475952148,4285900
2022-04-13,BITO,8.604167821342477,8.993203274359928,8.591349853947316,8.892740249633789,5109200
2022-04-14,BITO,8.913525089832428,8.941239094489445,8.563635368066336,8.619063377380371,5129400
2022-04-18,BITO,8.528991239426933,8.892737542799246,8.445848585352401,8.795738220214844,6876800
2022-04-19,BITO,8.865024399690876,9.04516573296317,8.847703397195186,8.982809066772461,3554400
2022-04-20,BITO,9.110987356976029,9.121380356392647,8.839043482737377,8.91698932647705,5789800
2022-04-21,BITO,9.277272043871994,9.308450381367864,8.913524993338179,8.91698932647705,4859400
2022-04-22,BITO,8.747243346795255,8.78708219759907,8.468370730414383,8.532459259033203,5635700
2022-04-25,BITO,8.380030169519037,8.736847889837943,8.350583668478304,8.695277214050293,7760800
2022-04-26,BITO,8.695277274056892,8.70220594032064,8.173906700904435,8.26570987701416,7539700
2022-04-27,BITO,8.425066816791551,8.539387188569817,8.303817777449972,8.393888473510742,4498900
2022-04-28,BITO,8.52206685524259,8.743778948792265,8.400817806299802,8.639851570129395,7616600
2022-04-29,BITO,8.42852979661365,8.51167181175517,8.231067428058296,8.258781433105469,5787100
2022-05-02,BITO,8.376564696651561,8.449313699758326,8.20508386528665,8.314208030700684,6414300
2022-05-03,BITO,8.279565623265094,8.300350958978894,8.075174616609997,8.116745948791504,5523000
2022-05-04,BITO,8.431993939988384,8.650241642226668,8.328066588589962,8.615599632263184,6639500
2022-05-05,BITO,8.511670214096435,8.511670214096435,7.6629285558661495,7.832676887512207,11554300
2022-05-06,BITO,7.746070237460909,7.843068902560804,7.597107246624531,7.756462574005127,5444200
2022-05-09,BITO,7.053221404971417,7.202184433738128,6.537047634637149,6.661760330200195,12472900
2022-05-10,BITO,6.921579316876592,6.977007327883799,6.637510595276153,6.7345099449157715,7176500
2022-05-11,BITO,6.419261733581021,6.88693541000802,6.270298732924881,6.298012733459473,14410900
2022-05-12,BITO,6.131729675489798,6.424458892559265,5.967869953055883,6.135193347930908,19023600
2022-05-13,BITO,6.58554607927005,6.68254541656252,6.325727062963649,6.471225738525391,7862700
2022-05-16,BITO,6.42965577176784,6.450441773233115,6.256443057414958,6.346513748168945,4154800
2022-05-17,BITO,6.582083315072029,6.627118331232829,6.343049578092479,6.4677629470825195,6501100
2022-05-18,BITO,6.339583962608322,6.369030462445587,6.173299944745732,6.280691623687744,5417400
2022-05-19,BITO,6.381156014864376,6.575154057514658,6.315335002610985,6.450441360473633,5605800
2022-05-20,BITO,6.523189943023952,6.547439614141434,6.169835893373257,6.301477909088135,5739500
2022-05-23,BITO,6.554368143217406,6.582082146879371,6.249514102935791,6.249514102935791,5331600
2022-05-24,BITO,6.294549093656036,6.3742267713690826,6.1559790757303094,6.311870098114014,8812000
2022-05-25,BITO,6.336121549693739,6.46776292481006,6.318799881419168,6.356906890869141,6188500
2022-05-26,BITO,6.058980541188976,6.415798963113829,6.05551620768438,6.315335273742676,9657000
2022-05-27,BITO,6.277228159303163,6.322263167849244,6.057247964309438,6.197549819946289,12572700
2022-05-31,BITO,6.8522940190304125,6.985667865042131,6.717187676155945,6.800329685211182,9464400
2022-06-01,BITO,6.859221613120653,6.8696146114123975,6.422726256929955,6.460832595825195,6636000
2022-06-02,BITO,6.412334222089348,6.55090424969649,6.3880845498523495,6.516261577606201,6050300
2022-06-03,BITO,6.353442192077637,6.395012872039346,6.28069251101358,6.353442192077637,4776300
2022-06-06,BITO,6.769150697173758,6.845017790501356,6.682544371943308,6.776078701019287,6424500
2022-06-07,BITO,6.353439938158355,6.755293225916684,6.3170654409074105,6.682544231414795,7038300
2022-06-08,BITO,6.530118075318332,6.635777914336897,6.422726400256119,6.471225738525391,5410600
2022-06-09,BITO,6.481618895615074,6.547439906410677,6.426190884656885,6.4400482177734375,2847600
2022-06-10,BITO,6.3153343088012655,6.370416079826336,6.180574861606846,6.2183356285095215,5387900
2022-06-13,BITO,5.023169741112048,5.203311159374317,4.849956991418529,4.960813045501709,22112200
2022-06-14,BITO,4.832634293304101,4.894990971403834,4.723510437006576,4.756420612335205,15399600
2022-06-15,BITO,4.593600516642683,4.815312543504991,4.347638489059574,4.642099857330322,25624700
2022-06-16,BITO,4.565886447820142,4.605725285778639,4.444637437085525,4.475815773010254,14511800
2022-06-17,BITO,4.427315236376768,4.48932533064589,4.364958907105148,4.406529903411865,11869700
2022-06-21,BITO,4.545100294626826,4.668081458699251,4.475815294630993,4.486207962036133,12501600
2022-06-22,BITO,4.413460491936696,4.482745521170969,4.247176421774441,4.319925785064697,9795800
2022-06-23,BITO,4.406530294635161,4.493136627224186,4.316459629452108,4.486207962036133,8418600
2022-06-24,BITO,4.558957576751709,4.593600244081916,4.458494237946462,4.558957576751709,7994600
2022-06-27,BITO,4.5554936784880145,4.5554936784880145,4.375352650167534,4.458494663238525,8145500
2022-06-28,BITO,4.503531195129791,4.524316869088612,4.31299711695273,4.319925785064697,6626800
2022-06-29,BITO,4.302603713298525,4.340710390301244,4.248907866072642,4.323389053344727,7697400
2022-06-30,BITO,4.108602799077841,4.118995793065542,4.0029433365507625,4.02199649810791,9600800
2022-07-01,BITO,4.118997459173128,4.205603795174756,4.105140458627946,4.143247127532959,8620300
2022-07-05,BITO,4.13978302965108,4.389209383991198,4.1224616953927296,4.375352382659912,10137000
2022-07-06,BITO,4.323388495200736,4.385745168043221,4.288746156137007,4.351102828979492,5514900
2022-07-07,BITO,4.368423848937374,4.690599552605825,4.358031180218806,4.687135219573975,9052100
2022-07-08,BITO,4.572814159010437,4.740830650691568,4.534707492737084,4.66981315612793,8833200
2022-07-11,BITO,4.399602049846206,4.437709051267891,4.328584876767393,4.385745048522949,5615300
2022-07-12,BITO,4.2541022657196095,4.285280593192311,4.115532288481923,4.139781951904297,7931900
2022-07-13,BITO,4.063569151707154,4.281817159424127,4.0427838159495115,4.198675155639648,8055700
2022-07-14,BITO,4.215996832256981,4.472351529984735,4.195557729884361,4.416923522949219,6980700
2022-07-15,BITO,4.489672105050854,4.538171768188477,4.4238514404283675,4.538171768188477,7756300
2022-07-18,BITO,4.763348382295154,4.8845973823589,4.579743046246777,4.631706714630127,10495600
2022-07-19,BITO,4.784134610681903,5.078595983456336,4.721777936984664,5.026632308959961,15314400
2022-07-20,BITO,5.1201670128578,5.205041191129613,5.0197036660894305,5.071667671203613,13783100
2022-07-21,BITO,4.867277421732098,4.985062122344971,4.787599399985786,4.985062122344971,8760600
2022-07-22,BITO,5.057810663662569,5.097649502942219,4.829169636091259,4.843026638031006,7252400
2022-07-25,BITO,4.694064728856803,4.717968168542693,4.617851040350353,4.690600395202637,5558200
2022-07-26,BITO,4.4827441085618736,4.513922444486602,4.434244768569608,4.475815773010254,5246300
2022-07-27,BITO,4.558957406848467,4.950418079432222,4.558957406848467,4.891525745391846,9390000
2022-07-28,BITO,4.960810529057001,5.179058522606557,4.875936364406108,5.123630523681641,7459400
2022-07-29,BITO,5.075131219927899,5.206772891913742,5.033560217781363,5.137487888336182,9461900
2022-08-01,BITO,4.952150867371579,5.040489379520494,4.89672285905312,4.922704696655273,6753600
2022-08-02,BITO,4.877669577898486,5.023168271503223,4.853419905756699,4.915776252746582,6166700
2022-08-03,BITO,4.98159518959755,5.054344506115127,4.969470358574098,5.0335588455200195,6352500
2022-08-04,BITO,4.908848487442536,4.960812171039909,4.789331618716127,4.7910637855529785,7663700
2022-08-05,BITO,4.929632668396423,5.005846339393542,4.863811995974115,4.908847332000732,9272600
2022-08-08,BITO,5.151344523144099,5.203308519918907,5.0959165242191835,5.123630523681641,7767000
2022-08-09,BITO,4.978131369508812,4.988524035686274,4.8845967131578565,4.92963171005249,2985900
2022-08-10,BITO,5.16866582695154,5.1790584940985225,5.030095830402008,5.057809829711914,7315000
2022-08-11,BITO,5.2725945158152445,5.338415194393442,5.151345497451674,5.189452171325684,7223200
2022-08-12,BITO,5.092452580265645,5.192915918577023,5.066470745084195,5.182523250579834,5128500
2022-08-15,BITO,5.158274036426779,5.192916376262985,5.121899199665227,5.127095699310303,3481500
2022-08-16,BITO,5.113238700348483,5.140952704384763,5.047417692979577,5.116703033447266,3629200
2022-08-17,BITO,5.047417256336319,5.056078088334041,4.950418250600554,4.9573469161987305,5922600
2022-08-18,BITO,5.019704467575378,5.019704467575378,4.957348114009829,4.985062122344971,2519000
2022-08-19,BITO,4.583207956633391,4.607457959677137,4.4948697689540005,4.531244277954102,6517700
2022-08-22,BITO,4.506993517450771,4.5762785157590935,4.458493853446479,4.479279518127441,3922700
2022-08-23,BITO,4.565885907215866,4.62477823912813,4.549603940663834,4.59013557434082,3656800
2022-08-24,BITO,4.562422076236958,4.662885418712386,4.545100741939063,4.624778747558594,2838000
2022-08-25,BITO,4.593600972776729,4.631707648583349,4.5485656302541715,4.586672306060791,3280000
2022-08-26,BITO,4.635170512525277,4.64209884666782,4.335512709974088,4.361494541168213,10825900
2022-08-29,BITO,4.240247018350285,4.335514206106827,4.229854348361634,4.267961025238037,4878100
2022-08-30,BITO,4.319923816570767,4.347637815635818,4.12938982521584,4.219460487365723,5602100
2022-08-31,BITO,4.3095319191947805,4.340710258695815,4.205604561360684,4.28181791305542,4224900
2022-09-01,BITO,4.229853966819254,4.250639635298666,4.1259262851761855,4.209068298339844,5542900
2022-09-02,BITO,4.326852151148565,4.351102148113182,4.1744251562907815,4.219460487365723,7435300
2022-09-06,BITO,4.212532165242254,4.222924833143209,3.9665701557399373,3.973498821258545,12062400
2022-09-07,BITO,3.9942846517477757,4.080890999194726,3.987356315748058,4.03931999206543,5835800
2022-09-08,BITO,4.0566415896980805,4.122462272644043,4.044516753132536,4.122462272644043,6591600
2022-09-09,BITO,4.468888198597622,4.5849407382313645,4.465424195164224,4.562423229217529,8431300
2022-09-12,BITO,4.777205134450197,4.811501233092497,4.707920136745086,4.797990798950195,6944700
2022-09-13,BITO,4.555493490142556,4.592214560916205,4.280085294151697,4.326852798461914,8162200
2022-09-14,BITO,4.33724551840778,4.340709520803583,4.183086013789553,4.254103183746338,6898100
2022-09-15,BITO,4.264497007651865,4.302603684398628,4.153640650100973,4.212532997131348,5018500
2022-09-16,BITO,4.212532160335392,4.21599649309066,4.11380098944893,4.177889823913574,6223100
2022-09-19,BITO,3.994284015576909,4.170961015519765,3.994284015576909,4.157104015350342,6703600
2022-09-20,BITO,4.02546262502731,4.113801131065962,3.9890881209756706,4.035855293273926,5089600
2022-09-21,BITO,4.11206970900478,4.240247075172554,3.987356676338656,4.042784690856934,11488300
2022-09-22,BITO,4.073962457922964,4.155372301485435,3.997748783504217,4.112069129943848,7995700
2022-09-23,BITO,4.049712413897144,4.0549089133622775,3.93885640165677,4.001213073730469,8582800
2022-09-26,BITO,4.060106408211493,4.113802261007489,4.039320735632077,4.09128475189209,4661100
2022-09-27,BITO,4.295674962863264,4.342442472623659,4.006409731556509,4.0670342445373535,7444600
2022-09-28,BITO,4.084355396741802,4.198675750743004,4.056641391552238,4.174426078796387,8103600
2022-09-29,BITO,4.11206879371206,4.18828246189904,4.008141124434716,4.143247127532959,4890800
2022-09-30,BITO,4.099944428278648,4.312995959910358,4.096480095152037,4.153640270233154,8115300
2022-10-03,BITO,4.101676155182446,4.20560382520181,4.067033488383673,4.177889823913574,9041800
2022-10-04,BITO,4.274888796700658,4.344173799407121,4.25167816386494,4.337245464324951,8210000
2022-10-05,BITO,4.261032348988844,4.358031365362616,4.219461341971514,4.299139022827148,5885700
2022-10-06,BITO,4.299138071145767,4.351102066197135,4.244056639451163,4.278352737426758,6864900
2022-10-07,BITO,4.191746794629574,4.201792897020387,4.117265292807861,4.143247127532959,7260800
2022-10-10,BITO,4.132855510574814,4.138051680614886,4.064956091525626,4.08435583114624,3118800
2022-10-11,BITO,4.067033996818294,4.089551832165619,4.008141654124208,4.03931999206543,4904500
2022-10-12,BITO,4.063570053155783,4.087820057421845,4.050406180456757,4.077427387237549,2587000
2022-10-13,BITO,3.8816951628135516,4.170960279376998,3.8730346631275285,4.139781951904297,13273000
2022-10-14,BITO,4.205604259078316,4.222925263887691,4.077426907302405,4.087819576263428,8380900
2022-10-17,BITO,4.181354414905276,4.205604417228897,4.146712073606822,4.174426078796387,4210400
2022-10-18,BITO,4.1986744996672565,4.209067165922398,4.070497181264166,4.101675510406494,4789400
2022-10-19,BITO,4.091282844151353,4.119343076077925,4.067032849053485,4.101675510406494,2208300
2022-10-20,BITO,4.084355581157168,4.132855257617247,4.042784571495822,4.0670342445373535,3865900
2022-10-21,BITO,4.046247516543201,4.113800342766977,4.027194019761356,4.101675510406494,6820000
2022-10-24,BITO,4.13285420464732,4.15363953899379,4.087818873060724,4.136318206787109,4297400
2022-10-25,BITO,4.136318110508319,4.371887430131316,4.136318110508319,4.344173431396484,13740000
2022-10-26,BITO,4.376392019309972,4.501797839558392,4.352834818250409,4.448101997375488,12256200
2022-10-27,BITO,4.444637412169135,4.449833911586451,4.378816738101343,4.430780410766602,6647400
2022-10-28,BITO,4.354566018494495,4.446368844106161,4.349369850312555,4.413458347320557,8205800
2022-10-31,BITO,4.420388544155517,4.434245548071674,4.31992518316912,4.354567527770996,4302100
2022-11-01,BITO,4.385745051064133,4.392673716918262,4.340363479076688,4.375352382659912,2309400
2022-11-02,BITO,4.364961136661245,4.457803042797463,4.292211773370988,4.319925785064697,7493800
2022-11-03,BITO,4.30260254413035,4.351102208354132,4.288745544405974,4.330316543579102,5400100
2022-11-04,BITO,4.465423490075011,4.57246894312536,4.423852482044789,4.52431583404541,11666600
2022-11-07,BITO,4.434244409450975,4.472351077841157,4.413458743725545,4.451565742492676,4578100
2022-11-08,BITO,4.184471855356157,4.4169230951641,3.5993594098184474,3.8557140827178955,49341600
2022-11-09,BITO,3.7005157518376275,3.776036292680128,3.3274154249512518,3.346468925476074,39911000
2022-11-10,BITO,3.5612529135225235,3.8141436197933185,3.452129061135596,3.7621796131134033,36835100
2022-11-11,BITO,3.3741823516878484,3.5370023356266285,3.3533970186436113,3.3880393505096436,22101400
2022-11-14,BITO,3.4607885826014875,3.4850385776614288,3.37591442583395,3.3984322547912598,13114100
2022-11-15,BITO,3.543931516368222,3.5941633555814,3.4822679725139247,3.557788848876953,12253200
2022-11-16,BITO,3.4604426196803164,3.477417386293064,3.408825189045001,3.4642531871795654,7926700
2022-11-17,BITO,3.4503973856545693,3.5352715785643114,3.4503973856545693,3.5196824073791504,6090700
2022-11-18,BITO,3.537002917548287,3.5404672504179295,3.4798427467070505,3.5127532482147217,5497500
2022-11-21,BITO,3.419218138112893,3.4677178056692797,3.284112133733858,3.322219133377075,11553000
2022-11-22,BITO,3.3811123324079286,3.4299582474900903,3.360326660895817,3.391505002975464,5472200
2022-11-23,BITO,3.446932348876085,3.53007435798645,3.426147011786982,3.53007435798645,4980500
2022-11-25,BITO,3.502360354949662,3.5404673569079783,3.4988963523527956,3.53007435798645,1888600
2022-11-28,BITO,3.4503962978373224,3.481574630377954,3.3932361316384774,3.4607889652252197,4897500
2022-11-29,BITO,3.495432732369808,3.52314674105964,3.4763792275041565,3.5196824073791504,2249400
2022-11-30,BITO,3.602823670811893,3.713680012482472,3.585502666829998,3.7067513465881348,7346400
2022-12-01,BITO,3.672108745883817,3.706751081749468,3.6340017469415655,3.651323080062866,7773000
2022-12-02,BITO,3.6409309131217875,3.692894589255927,3.6409309131217875,3.6859662532806396,2642800
2022-12-05,BITO,3.7171441052671383,3.7344654400463932,3.634002094779092,3.6478590965270996,3783600
2022-12-06,BITO,3.675573825836181,3.684234660124549,3.6409314798138523,3.6755738258361816,3309500
2022-12-07,BITO,3.6513236753165357,3.6582523418453756,3.613217000538929,3.6270740032196045,2701000
2022-12-08,BITO,3.6374661182419943,3.7535186218962218,3.631923384089905,3.7344651222229004,6081800
2022-12-09,BITO,3.710216033199299,3.7310017024866613,3.6928946971893306,3.692894697189331,2943000
2022-12-12,BITO,3.6894302654166204,3.7171442701418966,3.679037596238891,3.7136802673339844,2679100
2022-12-13,BITO,3.8903561792376546,3.8948598775439502,3.814142846822304,3.8453211784362793,7605500
2022-12-14,BITO,3.8938203989729137,4.00121239026951,3.831464067927493,3.859178066253662,11670800
2022-12-15,BITO,3.807214969532298,3.807214969532298,3.7483226266053347,3.769108295440674,3877500
2022-12-16,BITO,3.689429862841063,3.6998228612617474,3.6184126921845228,3.6374661922454834,6556400
2022-12-19,BITO,3.613216722451851,3.623609391068247,3.5577887159951023,3.5751097202301025,2842700
2022-12-20,BITO,3.6239567168656586,3.696359507674735,3.616681483893079,3.6547884941101074,3910300
2022-12-21,BITO,3.6374673698680398,3.654788709133301,3.6132176931229143,3.6305387020111084,1591700
2022-12-22,BITO,3.6201447333225008,3.6409303990676762,3.5647167318379647,3.6236090660095215,3745400
2022-12-23,BITO,3.6270735242017595,3.654787525902997,3.6177198916985356,3.6374661922454834,2066900
2022-12-27,BITO,3.6340023145976166,3.640930981079222,3.5768421376323785,3.5924313068389893,3184900
2022-12-28,BITO,3.5855019092559814,3.6201442402772326,3.557787912288219,3.5855019092559814,2738500
2022-12-29,BITO,3.5855019092559814,3.6028229095781548,3.5785732448255887,3.5855019092559814,2019100
2022-12-30,BITO,3.56125240094583,3.6201447351470692,3.5179492334670925,3.6132164001464844,3834600
2023-01-03,BITO,3.66171597283777,3.6669124722066275,3.6132166335696483,3.6340019702911377,2501100
2023-01-04,BITO,3.668644905090332,3.720608581044775,3.6547879028106807,3.668644905090332,4408000
2023-01-05,BITO,3.675573253752215,3.691162422667856,3.6547879154493574,3.6859662532806396,1575900
2023-01-06,BITO,3.6547876764607383,3.737929684989457,3.644395007988892,3.6963586807250977,2777900
2023-01-09,BITO,3.77257262864273,3.8176079691384666,3.758715626211503,3.769108295440674,5751700
2023-01-10,BITO,3.789893303476822,3.8383929729461665,3.7725722997306703,3.838392972946167,3269500
2023-01-11,BITO,3.810678748769028,3.8591784154163356,3.7898930829553388,3.8557140827178955,3621100
2023-01-12,BITO,3.9908214045525026,4.19867647955395,3.9284647168635387,4.191748142242432,13516600
2023-01-13,BITO,4.164033335816244,4.288746356964111,4.155372502862019,4.288746356964111,11364700
2023-01-17,BITO,4.683672300472603,4.7183146476745605,4.621315612981197,4.7183146476745605,12929900
2023-01-18,BITO,4.718313251792131,4.749491586313925,4.484129838200971,4.558957576751709,25287100
2023-01-19,BITO,4.572469912551593,4.6646190164076415,4.558959142110526,4.645565509796143,6439700
2023-01-20,BITO,4.638636198620421,4.936561921994547,4.626511032172523,4.915776252746582,18107600
2023-01-23,BITO,5.023167996198305,5.106310007879387,4.9538829864640705,5.08206033706665,11053400
2023-01-24,BITO,5.035292581486273,5.080327918170728,5.0093107454236545,5.064738750457764,6406000
2023-01-25,BITO,4.964276462168579,5.047418487362646,4.912312779016546,5.04049015045166,7939800
2023-01-26,BITO,5.099381191601588,5.113238192242749,5.023167522886724,5.092452526092529,6300900
2023-01-27,BITO,5.036679126479779,5.175595730542652,5.021436521351702,5.075132369995117,13773400
2023-01-30,BITO,5.088295453900061,5.1184344223966995,4.946953913513948,4.978132247924805,9829300
2023-01-31,BITO,5.064739592601517,5.0993822666965585,5.054346922523814,5.068203926086426,5195500
2023-02-01,BITO,5.060852088792041,5.199097874412288,4.987354223722968,5.176348686218262,12718400
2023-02-02,BITO,5.249847536338208,5.308295774824387,5.165850055863113,5.2393479347229,12849700
2023-02-03,BITO,5.1063512589938975,5.2043483099892525,5.0818520796891296,5.1203508377075195,10411900
2023-02-06,BITO,4.99085473656036,5.073452352516934,4.976855157607193,5.039853096008301,7458700
2023-02-07,BITO,5.0293537555639904,5.116851211994351,4.975105426034532,5.078352451324463,8196600
2023-02-08,BITO,5.043353559663775,5.060853118483814,4.947106486818044,4.9908552169799805,6359800
2023-02-09,BITO,4.976854737840827,4.994354293500382,4.763360759591535,4.7983598709106445,14259400
2023-02-10,BITO,4.761611235104381,4.787860738042268,4.696863306757536,4.742362022399902,8246900
2023-02-13,BITO,4.700363272057057,4.7353620529174805,4.654864556539842,4.7353620529174805,8258100
2023-02-14,BITO,4.710864168547215,4.873609528947441,4.702114554369812,4.864859580993652,10406700
2023-02-15,BITO,4.950607396211728,5.319846521239474,4.934857823689896,5.281347751617432,16793400
2023-02-16,BITO,5.333846205844348,5.526340725176587,5.309347018688452,5.375844955444336,22172700
2023-02-17,BITO,5.225348142365179,5.477340573553331,5.185099059218361,5.435341835021973,15277400
2023-02-21,BITO,5.382843855559716,5.416092984288421,5.3009461597430585,5.3443450927734375,9128200
2023-02-22,BITO,5.2323478475770235,5.26034700703857,5.15010035838077,5.193849086761475,9556300
2023-02-23,BITO,5.24284852241862,5.262098073655947,5.1763505885258905,5.232348918914795,7942700
2023-02-24,BITO,5.176349743660404,5.207848882807078,4.96635570520012,5.046853542327881,14551700
2023-02-27,BITO,5.174950118610822,5.20084915977687,5.0192044051306866,5.067852973937988,7700000
2023-02-28,BITO,5.092352616659331,5.1413509842786596,5.039853936497605,5.057353496551514,6209700
2023-03-01,BITO,5.152867239925938,5.202210823259257,5.06475391434008,5.085901260375977,4919300
2023-03-02,BITO,5.061230320437947,5.1246720352029005,5.040083306266783,5.103524684906006,5004500
2023-03-03,BITO,4.856806971434415,4.874429705805962,4.818037224717574,4.8250861167907715,9356000
2023-03-06,BITO,4.856807185376762,4.9026261623108285,4.835660172099941,4.842709064483643,5277600
2023-03-07,BITO,4.842708513413326,4.8744293658446365,4.7440216783914435,4.775742530822754,8581300
2023-03-08,BITO,4.765169691888006,4.818037562584324,4.736973113240815,4.782792091369629,5277000
2023-03-09,BITO,4.712302207772501,4.719351437546841,4.321079030692557,4.352799892425537,17443700
2023-03-10,BITO,4.324601315667678,4.391567281816606,4.250586123542234,4.317552089691162,14404000
2023-03-13,BITO,4.863856115112069,5.316758599124328,4.810987912916142,5.279750823974609,29730600
2023-03-14,BITO,5.63572869417399,5.674498775788043,5.27270185657627,5.452453136444092,24717100
2023-03-15,BITO,5.448928671573321,5.463026791784511,5.191637557561977,5.304422855377197,16077600
2023-03-16,BITO,5.360814814284904,5.4753620718640414,5.344954388575798,5.431305408477783,10952700
2023-03-17,BITO,5.794333241093739,5.868348121643066,5.685072218971284,5.868348121643066,27311800
2023-03-20,BITO,6.12563918199353,6.136213024943838,5.982895999547308,6.051624298095703,16942900
2023-03-21,BITO,6.111541198609994,6.207056025064468,6.042812902292376,6.1362128257751465,11427000
2023-03-22,BITO,6.178506812721949,6.293053735981595,5.783758806766108,5.787283420562744,19835100
2023-03-23,BITO,5.952937718040508,6.263097086874455,5.931790702245493,6.196130752563477,19269700
2023-03-24,BITO,6.065722394897643,6.146787183847291,5.981133663701533,6.048099994659424,9519300
2023-03-27,BITO,6.030477920053888,6.044575706555417,5.744990180568387,5.85072660446167,16324800
2023-03-28,BITO,5.822529128351671,5.9705595527081154,5.794332889057651,5.949411869049072,9822300
2023-03-29,BITO,6.146786286112378,6.201416122223084,6.09744236259936,6.1644086837768555,8101700
2023-03-30,BITO,6.203180082116111,6.206704696847467,5.998757133458094,6.072772026062012,8749200
2023-03-31,BITO,6.136211992214864,6.227849932273806,6.129162764767716,6.174982070922852,9507400
2023-04-03,BITO,6.104382229794794,6.1442086890832535,6.028348642825284,6.068175792694092,8597100
2023-04-04,BITO,6.108001581824207,6.121760011045769,6.031968011793433,6.0935187339782715,6941600
2023-04-05,BITO,6.160500090487542,6.16231079173242,5.999382208702641,6.097139358520508,9347800
2023-04-06,BITO,6.0319683307652765,6.089898344051983,5.975848328264928,6.042830467224121,7378400
2023-04-10,BITO,6.104380341935789,6.379548211989397,6.0754153393291,6.325238227844238,15452000
2023-04-11,BITO,6.524374572869976,6.616700321945749,6.488168139486825,6.520753860473633,15613800
2023-04-12,BITO,6.527996594251382,6.548633899410396,6.404895110412689,6.441101551055908,10759800
2023-04-13,BITO,6.560580593675669,6.64747561398247,6.533425597700942,6.5750627517700195,9204400
2023-04-14,BITO,6.625750604034051,6.656526308754455,6.466443429813673,6.55695915222168,8301200
2023-04-17,BITO,6.332481070514458,6.38316966379256,6.298085338015787,6.3542046546936035,5009200
2023-04-18,BITO,6.538855688034766,6.567820692001358,6.4592020997716775,6.524373531341553,5694400
2023-04-19,BITO,6.303515044761686,6.364341346885122,6.274550040334311,6.299894332885742,5786900
2023-04-20,BITO,6.191276212593836,6.226033806217722,6.022916895673022,6.042830467224121,10648500
2023-04-21,BITO,6.064555228504962,6.097140953635896,5.8509380040156715,5.872661590576172,8580200
2023-04-24,BITO,5.894384860992432,5.9667970340200025,5.803869126772782,5.894384860992432,4776300
2023-04-25,BITO,5.894384067555239,5.984899789590656,5.850936217122971,5.945072650909424,9398400
2023-04-26,BITO,6.4193756581692645,6.444719953072568,5.970417702592951,6.010244846343994,23874100
2023-04-27,BITO,6.227482561058927,6.441099741191846,6.20937900053397,6.408514022827148,13519100
2023-04-28,BITO,6.30713614636481,6.328859728382629,6.212999703513965,6.303515434265137,8464400
2023-05-01,BITO,6.131767200013682,6.142895180854096,5.959276421719686,5.964840412139893,9736100
2023-05-02,BITO,6.013062121071081,6.209664664748118,5.979677477642605,6.172569751739502,16581600
2023-05-03,BITO,6.057577085703307,6.173683636402641,6.024191729636356,6.07612419128418,12383500
2023-05-04,BITO,6.198537563130814,6.226358931880957,6.1466050961591305,6.2096662521362305,13293800
2023-05-05,BITO,6.2319220525071355,6.396994399169172,6.224503635066096,6.37659215927124,9596000
2023-05-08,BITO,5.990805069042866,6.024190417839997,5.846135695939679,5.864683151245117,12125900
2023-05-09,BITO,5.946292415482999,5.953710832423721,5.860974252924829,5.938873291015625,4407400
2023-05-10,BITO,6.024191099810469,6.083542680496156,5.723723634148346,5.938873291015625,18099700
2023-05-11,BITO,5.864686678116721,5.898071693227455,5.723726428294127,5.753402233123779,8989900
2023-05-12,BITO,5.664372305625844,5.703321649523503,5.533056768319437,5.671791076660156,10309400
2023-05-15,BITO,5.86839326723753,5.938873537550054,5.835007913275107,5.883231163024902,6070800
2023-05-16,BITO,5.805331535035784,5.827588553349304,5.76081785217205,5.775655746459961,3403900
2023-05-17,BITO,5.731142073046982,5.894359264246462,5.684773609100383,5.879521369934082,7985100
2023-05-18,BITO,5.827589252867367,5.8795220659904945,5.649534146276175,5.734852313995361,9027900
2023-05-19,BITO,5.771947646457655,5.835008443966837,5.712595704146789,5.760818958282471,6294500
2023-05-22,BITO,5.742271498420536,5.816461337868275,5.742271498420536,5.760818958282471,7539600
2023-05-23,BITO,5.849846765046603,5.8758129969068,5.812751844877712,5.831299304962158,4509400
2023-05-24,BITO,5.7237248608205125,5.7237248608205125,5.571636314277961,5.619859218597412,8394300
2023-05-25,BITO,5.634697034283868,5.679211082448374,5.5790550047233305,5.653244495391846,7247800
2023-05-26,BITO,5.653244194764755,5.768238164508376,5.653244194764755,5.727433681488037,6555500
2023-05-30,BITO,5.994516652398114,6.008612709033354,5.894360925994313,5.979679107666016,5987800
2023-05-31,BITO,5.809042104158343,5.8275895636746196,5.731143057200676,5.757109642028809,5401600
2023-06-01,BITO,5.748717868510899,5.805938239259516,5.691497861558213,5.729644775390625,7235600
2023-06-02,BITO,5.7830474433187735,5.840267788590228,5.729642224287008,5.832638263702393,4104600
2023-06-05,BITO,5.7105711243615795,5.727737198623065,5.40539691546352,5.462616920471191,11901200
2023-06-06,BITO,5.447358543367463,5.828826235610483,5.4244706855586085,5.798308849334717,16512400
2023-06-07,BITO,5.7220145110157095,5.756346656289145,5.607574148036218,5.660979747772217,5708400
2023-06-08,BITO,5.6457210886343,5.744902761359334,5.619018106718552,5.680053234100342,4071900
2023-06-09,BITO,5.71820026598725,5.722015029984927,5.634277640813866,5.638092041015625,4424400
2023-06-12,BITO,5.531280896722942,5.5465395880931005,5.472153513138065,5.516022205352783,3662100
2023-06-13,BITO,5.5770576852559675,5.584687213816341,5.483598143167068,5.523652076721191,2847800
2023-06-14,BITO,5.554169827166739,5.56942852049154,5.49313469007159,5.523652076721191,4082800
2023-06-15,BITO,5.336731022804771,5.4435422004512946,5.302398884546661,5.432097911834717,9002500
2023-06-16,BITO,5.454987734678148,5.670516807404043,5.359620817511733,5.638092041015625,13244200
2023-06-20,BITO,5.741087202595071,6.0424465789117,5.691496373100456,6.023373126983643,14810600
2023-06-21,BITO,6.240811274213554,6.593668575675619,6.225552218266823,6.454432964324951,20063300
2023-06-22,BITO,6.500208297428839,6.5269109131956755,6.338084129771785,6.477319717407227,10033300
2023-06-23,BITO,6.4696895734914115,6.751976212759331,6.416284347052874,6.641350269317627,30436300
2023-06-26,BITO,6.523095735946162,6.580315727185969,6.411707272905785,6.473504543304443,10123900
2023-06-27,BITO,6.553614666947577,6.6527963481549035,6.511652990546675,6.56505823135376,13825200
2023-06-28,BITO,6.454432687159527,6.526911744610445,6.389583157354348,6.442988395690918,8890600
2023-06-29,BITO,6.5955752661567475,6.6032040653176525,6.515466690437645,6.557428359985352,6181900
2023-06-30,BITO,6.656609956284634,6.660423992029859,6.259883300343887,6.477319717407227,25569400
2023-07-03,BITO,6.542426540397613,6.669463831325413,6.53051726762437,6.641674518585205,7649900
2023-07-05,BITO,6.439207906160338,6.529722307605806,6.431268644175398,6.482877254486084,6365100
2023-07-06,BITO,6.522576995583353,6.526547005421677,6.355840368383464,6.447148323059082,7977400
2023-07-07,BITO,6.447149271257836,6.494788639122228,6.406656376474651,6.427299976348877,7400100
2023-07-10,BITO,6.415389234936078,6.574185848236084,6.415389234936078,6.574185848236084,6047700
2023-07-11,BITO,6.4590572885619455,6.556319863371836,6.431267981473406,6.5106658935546875,8862600
2023-07-12,BITO,6.5186075374526995,6.570216155314957,6.417374928214341,6.435238838195801,9254100
2023-07-13,BITO,6.502727022440152,6.808410968748534,6.480893103876949,6.764742374420166,30266700
2023-07-14,BITO,6.625795604817478,6.681374233393125,6.355840967960863,6.40347957611084,19805500
2023-07-17,BITO,6.419359842823304,6.44317914773636,6.29232254035094,6.339961528778076,7977000
2023-07-18,BITO,6.312171148659282,6.375689792989788,6.252622514249679,6.300261497497559,8023000
2023-07-19,BITO,6.343930584730729,6.391569947434964,6.304231620611854,6.367750644683838,6536600
2023-07-20,BITO,6.41141926365097,6.427299303677809,6.260562669405929,6.304231643676758,6927300
2023-07-21,BITO,6.335992678010244,6.381647048217602,6.31018836319834,6.332022666931152,5302300
2023-07-24,BITO,6.1970434405352615,6.20101345041092,6.105735485000998,6.161314487457275,6137600
2023-07-25,BITO,6.165284602531201,6.224833619536038,6.165284602531201,6.181164264678955,3367600
2023-07-26,BITO,6.181163051731264,6.2426970617547,6.171238406811838,6.22086238861084,5112700
2023-07-27,BITO,6.2288041052352705,6.240714137429985,6.121616465690275,6.14146614074707,5557000
2023-07-28,BITO,6.181165147790535,6.246668810833748,6.1652854833740305,6.193075180053711,4035700
2023-07-31,BITO,6.220863534661799,6.22681854987109,6.13709806228239,6.145434856414795,4848100
2023-08-01,BITO,6.094544834276511,6.192252872967552,6.009050203357542,6.171896934509277,8029000
2023-08-02,BITO,6.204467181686288,6.2207518571661495,6.080703570387889,6.139328479766846,7107600
2023-08-03,BITO,6.147470118965133,6.208537546082726,6.1368850620274085,6.171896934509277,4353400
2023-08-04,BITO,6.159684844195757,6.19021856428523,6.092103222771676,6.106759548187256,3821500
2023-08-07,BITO,6.1189725081955375,6.153577491951853,6.033477865283303,6.143399715423584,4344900
2023-08-08,BITO,6.220750965399769,6.355099615913594,6.189403076365621,6.322530269622803,10434400
2023-08-09,BITO,6.330673033761552,6.330673033761552,6.188181847292188,6.192253112792969,7128000
2023-08-10,BITO,6.237036798429903,6.273677416885309,6.173933726788541,6.196325302124023,4327600
2023-08-11,BITO,6.200395255537283,6.235000235779429,6.159276483448236,6.192253112792969,3774600
2023-08-14,BITO,6.171896934509277,6.26553409611445,6.159683526737205,6.171896934509277,4633700
2023-08-15,BITO,6.19225428396652,6.216681493334007,6.112866532972501,6.135257720947266,6533500
2023-08-16,BITO,6.118972301483154,6.15561291695878,6.082331686007528,6.118972301483154,5025200
2023-08-17,BITO,5.988694452976185,5.996836595660863,5.809563043083595,5.854345798492432,15669800
2023-08-18,BITO,5.508295501384469,5.5449361108011646,5.378018124131516,5.471654891967773,19678600
2023-08-21,BITO,5.459442406393579,5.502189920680654,5.418730913259094,5.475727081298828,7225400
2023-08-22,BITO,5.455371983988053,5.469621416458184,5.394304540716835,5.410589218139648,5549500
2023-08-23,BITO,5.414658400154997,5.618216983707764,5.414658400154997,5.577505111694336,12893900
2023-08-24,BITO,5.516438722443201,5.520509988056524,5.410588146040363,5.455370903015137,5186300
2023-08-25,BITO,5.483869703932666,5.512367788425707,5.392268163408919,5.435015678405762,8841100
2023-08-28,BITO,5.463105403818237,5.485904255174572,5.420765179058596,5.439085483551025,5165200
2023-08-29,BITO,5.439086260192673,5.907271325479371,5.439086260192673,5.833990097045898,58284700
2023-08-30,BITO,5.740353828333453,5.744424706075661,5.654859183630366,5.679286003112793,20488100
2023-08-31,BITO,5.679284753157575,5.695569425314194,5.4228008754979165,5.471654891967773,21074400
2023-09-01,BITO,5.437037976331483,5.445183149375265,5.292457367887321,5.363729476928711,9382800
2023-09-05,BITO,5.38002057452524,5.412602045702843,5.35151188434528,5.367802619934082,3843200
2023-09-06,BITO,5.367802619934082,5.45292164541526,5.28227616099243,5.367802619934082,8771600
2023-09-07,BITO,5.355583595133447,5.435001260869916,5.347438422576877,5.4166741371154785,4175300
2023-09-08,BITO,5.408529096504119,5.432965393328258,5.384093188081741,5.428892612457275,4217600
2023-09-11,BITO,5.371876068805437,5.390203198496736,5.208968680884835,5.221186637878418,10778900
2023-09-12,BITO,5.457400638811952,5.563290598183951,5.412601219878435,5.449255466461182,8113200
2023-09-13,BITO,5.465547446508289,5.53478317509341,5.449256709688367,5.469620227813721,6952400
2023-09-14,BITO,5.579582214355469,5.624382028781068,5.5531099145236125,5.579582214355469,7934800
2023-09-15,BITO,5.526637077331543,5.551073374396132,5.48387404297072,5.526637077331543,3366300
2023-09-18,BITO,5.709908550592653,5.738009807779148,5.563291539455062,5.608091354370117,7375000
2023-09-19,BITO,5.68547300732902,5.766926697439384,5.630491620853838,5.697690963745117,5751700
2023-09-20,BITO,5.652890868620314,5.722126594198369,5.604018660283178,5.6325273513793945,5086400
2023-09-21,BITO,5.55107395573945,5.587728210974114,5.510346919167199,5.567364692687988,3995600
2023-09-22,BITO,5.567363923645839,5.587727439119071,5.542927627397611,5.547000408172607,4323800
2023-09-25,BITO,5.461475353797357,5.526638309292931,5.451293787651868,5.506275177001953,4015600
2023-09-26,BITO,5.461475542803452,5.4944644552355255,5.445184803365782,5.485911846160889,3805100
2023-09-27,BITO,5.5877290647467905,5.597910631244634,5.4492575853256655,5.485911846160889,5163100
2023-09-28,BITO,5.5388558595866915,5.726199523942171,5.530710297118203,5.68547248840332,8374000
2023-09-29,BITO,5.632526715141045,5.656963010750234,5.5612546070494675,5.6243815422058105,4047800
2023-10-02,BITO,5.93721149180856,5.99863076483648,5.765237058737326,5.8430352210998535,9177100
2023-10-03,BITO,5.736574581144433,5.761142133291774,5.679249641976969,5.68334436416626,4591400
2023-10-04,BITO,5.732480211088938,5.814372707434221,5.691533767669184,5.769331932067871,4880400
2023-10-05,BITO,5.855319959538065,5.883982239593934,5.700542866247815,5.732481002807617,5868600
2023-10-06,BITO,5.714053413463474,5.873744048017307,5.714053413463474,5.851223468780518,6951600
2023-10-09,BITO,5.732479030009494,5.797993013587683,5.687438263923026,5.761141300201416,4398100
2023-10-10,BITO,5.7201980463643,5.769333558019161,5.69153537169488,5.707913875579834,5264500
2023-10-11,BITO,5.654682557620566,5.662871612182396,5.519559447655153,5.572789669036865,7125300
2023-10-12,BITO,5.568695312023723,5.580979089058484,5.525701506660713,5.5605058670043945,3723700
2023-10-13,BITO,5.601451734913745,5.609640788596467,5.5486307571587155,5.576883792877197,3144100
2023-10-16,BITO,6.117375241671276,6.3057281816688775,5.791852612055584,5.945401191711426,33507800
2023-10-17,BITO,5.900358752892146,5.979385005912769,5.873743843307827,5.953588962554932,4536200
2023-10-18,BITO,5.916738103087738,5.933526229883785,5.8676026079579495,5.888075828552246,3462000
2023-10-19,BITO,5.953591544680394,6.0498152016726285,5.937213041564815,6.015010833740234,5784700
2023-10-20,BITO,6.166512035677541,6.2197418741343204,6.12147086245279,6.17879581451416,8132600
2023-10-23,BITO,6.387621261218504,6.5718790937317815,6.342580093253964,6.5555009841918945,21067400
2023-10-24,BITO,7.190167669077883,7.214325984288064,6.938348101579575,7.034572124481201,36921600
2023-10-25,BITO,7.1942615295173775,7.349857836461098,7.153315091848591,7.2638702392578125,16367400
2023-10-26,BITO,7.157411677440791,7.190168679907785,7.038667836368642,7.075519561767578,13609500
2023-10-27,BITO,7.1123708431952775,7.128748952912142,6.940396395731481,7.005910396575928,12549300
2023-10-30,BITO,7.202451654397008,7.255681481708629,7.08370705202648,7.177884101867676,10682400
2023-10-31,BITO,7.145127628999861,7.222925014548038,7.100086461901516,7.202452182769775,8504900
2023-11-01,BITO,7.260235424678573,7.276744930853214,7.082753706589986,7.235470771789551,20233600
2023-11-02,BITO,7.326275943687393,7.351040599685577,7.140539055565461,7.301511287689209,13341100
2023-11-03,BITO,7.165304946209388,7.270555331214021,7.152922223810027,7.194197177886963,11186000
2023-11-06,BITO,7.318022395801879,7.355169781547423,7.254046954882414,7.309767246246338,4749300
2023-11-07,BITO,7.243726577947351,7.526459504975651,7.194197262277445,7.487247943878174,18011400
2023-11-08,BITO,7.363424176293585,7.466611173397189,7.301512135482285,7.433591365814209,13128900
2023-11-09,BITO,7.821574508847948,7.937143439005461,7.421208465790011,7.615200519561768,40294000
2023-11-10,BITO,7.7101315296306145,7.838083168682181,7.693621234395982,7.780298709869385,10866500
2023-11-13,BITO,7.67298416969515,7.714259120619444,7.590434267846561,7.652347087860107,7669200
2023-11-14,BITO,7.611071203153304,7.6399634290793355,7.2065776784265285,7.322147369384766,19778700
2023-11-15,BITO,7.520267554012495,7.899995709016941,7.487247748675337,7.8422112464904785,18999800
2023-11-16,BITO,7.606946107026657,7.675049120707879,7.381998405450701,7.47486686706543,13314700
2023-11-17,BITO,7.549160457208235,7.693621611317587,7.454227829466631,7.586307048797607,13268900
2023-11-20,BITO,7.714261527485377,7.866977870122616,7.652349475409348,7.821576118469238,12925800
2023-11-21,BITO,7.689492817555538,7.817445229833345,7.536776539649165,7.664728164672852,20478700
2023-11-22,BITO,7.590435731672393,7.842212272337248,7.520268537745517,7.838084697723389,14210300
2023-11-24,BITO,7.8215751083671305,8.039506007373339,7.8215751083671305,7.887614727020264,13038000
2023-11-27,BITO,7.590434479747341,7.679175351172963,7.573924971269255,7.59456205368042,10118300
2023-11-28,BITO,7.747280031438054,8.01969364432601,7.722514584990551,7.9412713050842285,15731400
2023-11-29,BITO,7.879359231062329,7.887614379844206,7.751407573960515,7.772044658660889,11799900
2023-11-30,BITO,7.784427570772552,7.8091922304649355,7.722514740660085,7.788555145263672,5931100
2023-12-01,BITO,7.9202806839024795,8.08234363384234,7.903659310306998,8.007545471191406,14050000
2023-12-04,BITO,8.593463917891565,8.689039001942449,8.487499583001124,8.622551918029785,21862800
2023-12-05,BITO,8.70150436856887,9.096271273116656,8.673247005329067,9.050561904907227,28494300
2023-12-06,BITO,9.12535927283965,9.141981437714314,9.013162830289467,9.029784202575684,12748900
2023-12-07,BITO,8.963299547764427,9.075496813189053,8.880191078722548,8.92590045928955,9733700
2023-12-08,BITO,8.988229485819964,9.19392441468401,8.988229485819964,9.179380416870117,17981600
2023-12-11,BITO,8.610086525466087,8.659952241835208,8.265184431061412,8.394003868103027,25910300
2023-12-12,BITO,8.593464040413053,8.593464040413053,8.35660370152358,8.472955703735352,9267000
2023-12-13,BITO,8.522821765282329,8.853179828569807,8.506199597087148,8.834480285644531,17117400
2023-12-14,BITO,8.75137178945784,8.94252277735115,8.689040238492792,8.826169967651367,13838000
2023-12-15,BITO,8.672418620354225,8.693195539235427,8.560221356182968,8.680728912353516,10281600
2023-12-18,BITO,8.531132375797014,8.638342659903184,8.45010049922668,8.622551918029785,9748100
2023-12-19,BITO,8.76799368906926,8.780459523325156,8.572687164781282,8.672418594360352,15240600
2023-12-20,BITO,9.068730346051876,9.133596955451601,8.897148525792892,8.943182945251465,19795200
2023-12-21,BITO,9.01851114558605,9.033158316126876,8.907192649475764,8.989216804504395,12970800
2023-12-22,BITO,8.90133322183954,9.051989937678465,8.90133322183954,8.972476959228516,10634400
2023-12-26,BITO,8.746489769233595,8.754859807626076,8.533058579490087,8.641866683959961,16317700
2023-12-27,BITO,8.800895340932193,8.947367040392562,8.78206315125716,8.918072700500488,26937900
2023-12-28,BITO,8.775785442726201,8.784155482394182,8.654423060384156,8.713011741638184,17059300
2023-12-29,BITO,8.771601327086755,8.830190812591223,8.461917011346848,8.574910163879395,29176400
2024-01-02,BITO,9.39515438365358,9.420263703310978,9.14405879244697,9.160798072814941,20878600
2024-01-03,BITO,8.562352928447153,8.874130074241199,8.562352928447153,8.70464038848877,33315500
2024-01-04,BITO,8.821819770072471,9.148244129798451,8.800895469333113,9.005956649780273,23038500
2024-01-05,BITO,8.913888368169324,9.049898726112039,8.767416657413735,8.959922790527344,23948100
2024-01-08,BITO,9.169167504522417,9.645412012507274,9.102208791065696,9.56255054473877,35638400
2024-01-09,BITO,9.516515370403217,9.579289059482624,9.444535118376796,9.508145332336426,22852700
2024-01-10,BITO,9.202647058802059,9.499777054579157,9.068729629013841,9.357489585876465,61860100
2024-01-11,BITO,9.688099063230693,9.972674027728612,9.202647934926334,9.344935417175293,88598800
2024-01-12,BITO,9.252867365481785,9.271699555707483,8.696272496624506,8.81344985961914,46108700
2024-01-16,BITO,8.65023807332675,8.784155515678194,8.487026290237296,8.750676155090332,24901100
2024-01-17,BITO,8.591649061100474,8.69208713899752,8.528874563980292,8.654422760009766,17551800
2024-01-18,BITO,8.597924868945388,8.67116070670552,8.198264729574174,8.252668380737305,25175200
2024-01-19,BITO,8.294518580537499,8.514226913419645,8.141768962472563,8.407511711120605,19477800
2024-01-22,BITO,8.189896519857788,8.248485203145668,7.951355968516057,8.114567756652832,26299600
2024-01-23,BITO,7.8383624640554705,8.014129304065218,7.788143823030348,7.917876243591309,18044800
2024-01-24,BITO,8.081087792103881,8.127122210230294,7.97646469506086,7.997389793395996,14753200
2024-01-25,BITO,8.081087074421992,8.106197190194122,7.98901904455662,8.04342269897461,13602700
2024-01-26,BITO,8.315444593396862,8.537245061321812,8.296612402892768,8.49539566040039,18257500
2024-01-29,BITO,8.470285601973892,8.752768434951172,8.436806243792606,8.721381187438965,14373200
2024-01-30,BITO,8.75485966758674,8.830188415492554,8.733935370151029,8.796709060668945,16522500
2024-01-31,BITO,8.6209427356224,8.84692819390371,8.574908320808634,8.58746337890625,18090600
2024-02-01,BITO,8.560207896960756,8.745465896605701,8.547431175077016,8.68371295928955,14717100
2024-02-02,BITO,8.619831259165803,8.781666492490764,8.618979965060875,8.666678428649902,8942000
2024-02-05,BITO,8.74759613167599,8.760372041804308,8.528266864265195,8.53891372680664,7201000
2024-02-06,BITO,8.658159982288412,8.76250117608272,8.64112516609344,8.696489334106445,6601900
2024-02-07,BITO,8.700749503547964,8.952019374230336,8.6560321907071,8.922207832336426,9838700
2024-02-08,BITO,9.09255832753473,9.262910542874025,9.06061693177586,9.190510749816895,12545400
2024-02-09,BITO,9.492887360802621,9.744156389743123,9.454558007914317,9.599357604980469,20880200
2024-02-12,BITO,9.735639180899852,10.18281387203318,9.727121366593593,10.144484519958496,18818700
2024-02-13,BITO,9.897474032429079,9.999685371750303,9.773968968696417,9.978391647338867,15529000
2024-02-14,BITO,10.446858873630502,10.53203456709807,10.354867954968691,10.459634780883789,16483000
2024-02-15,BITO,10.600175446793466,10.693869765602157,10.425564341036091,10.459634780883789,17783700
2024-02-16,BITO,10.566106991509024,10.610825112204722,10.429825206521306,10.480931282043457,13231400
2024-02-20,BITO,10.561847999558667,10.578883628697383,10.24243726393931,10.502224922180176,13097100
2024-02-21,BITO,10.27224881671509,10.368497839419872,10.210495884341087,10.263731002807617,9819800
2024-02-22,BITO,10.29354228588495,10.504353707238442,10.276506658489208,10.47667121887207,11399900
2024-02-23,BITO,10.302060270622913,10.33613071367663,10.18920126801093,10.285024642944336,9199800
2024-02-26,BITO,10.344648603096964,11.081422447206343,10.344648603096964,10.987728118896484,24040300
2024-02-27,BITO,11.44342148390933,11.596738073542928,11.31991561850372,11.468974113464355,23197800
2024-02-28,BITO,12.103537212783309,12.91271089418444,11.924667172700659,12.116313934326172,72413900
2024-02-29,BITO,12.729582010151022,12.79133494612637,12.120572089408759,12.448500633239746,40650100
2024-03-01,BITO,12.542834017560066,12.739362047235208,12.28953168653042,12.665118217468262,27956600
2024-03-04,BITO,13.11931582214101,13.687062161680036,13.11931582214101,13.599716186523438,40152400
2024-03-05,BITO,13.582248145251304,13.965695645202567,11.983822887071808,12.429285049438477,84052700
2024-03-06,BITO,13.39008494740956,13.573510802839534,13.110579199323062,13.46432876586914,23411600
2024-03-07,BITO,13.542942572645632,13.697980895068612,13.39008752486547,13.586615562438965,18464400
2024-03-08,BITO,13.708900004177769,14.154363035448455,13.298376033862962,13.887958526611328,45556700
2024-03-11,BITO,14.543049856123119,14.64349715000491,14.302849660667881,14.486274719238281,24019400
2024-03-12,BITO,14.508114381757622,14.691539464577604,13.774410718505255,14.320321083068848,34999700
2024-03-13,BITO,14.591091123496168,14.757048329039968,14.394563072981946,14.695906639099121,17407900
2024-03-14,BITO,14.547415865928158,14.588903908989597,13.708896917626596,13.87485408782959,42225300
2024-03-15,BITO,13.586614416615982,14.141259424331581,13.503635826305924,13.835549354553223,28884900
2024-03-18,BITO,13.60845051412703,13.7263673269082,13.315842589629087,13.372617721557617,21446900
2024-03-19,BITO,12.743726611446478,13.167352585860463,12.440200702836135,12.848541259765625,24851900
2024-03-20,BITO,12.678219717116892,13.21321108606938,12.407447871485697,13.149886131286621,23632200
2024-03-21,BITO,13.516736756234788,13.52983806779436,12.951173761111077,13.014498710632324,20993500
2024-03-22,BITO,12.800506830754507,12.831077679887047,12.499164889596761,12.734997749328613,14975300
2024-03-25,BITO,13.363884901431929,14.211137957728043,13.35951751887968,14.18493366241455,19166000
2024-03-26,BITO,14.084485531939158,14.163096747256768,13.822448425211459,13.848651885986328,14632200
2024-03-27,BITO,14.28974804616416,14.307215909003883,13.604084033629565,13.652124404907227,24538300
2024-03-28,BITO,14.193668272618822,14.302850336254352,14.040814049923512,14.106322288513184,16802000
2024-04-01,BITO,13.922944358705054,13.959166618427332,13.524499501759996,13.873138427734375,13986500
2024-04-02,BITO,12.87249779671035,13.180387432172086,12.813636085668486,13.089831352233887,16507300
2024-04-03,BITO,13.058137625305486,13.30942993906165,13.030971145431174,13.08077621459961,8646400
2024-04-04,BITO,13.370555456677884,13.791638926492798,13.343388112607109,13.596944808959961,12002100
2024-04-05,BITO,13.270943699268717,13.633167184094816,13.270943699268717,13.361499786376953,11778700
2024-04-08,BITO,14.353989404589951,14.36666715222065,14.144805705076651,14.258000373840332,11915100
2024-04-09,BITO,14.018029064546019,14.095001483180836,13.533555961682659,13.68297290802002,10678800
2024-04-10,BITO,13.411304810714263,13.909360665196823,13.370554660641066,13.90030574798584,17122700
2024-04-11,BITO,14.063308334055522,14.08368341322034,13.789377385867278,13.990863800048828,10287300
2024-04-12,BITO,13.91841793767,13.959168092110446,12.926832285630626,13.25736141204834,24996300
2024-04-15,BITO,13.145071620450466,13.205291791317267,12.351803799968291,12.532915115356445,14721800
2024-04-16,BITO,12.532914747579031,12.569137009593723,12.229552979353425,12.433302879333496,10160000
2024-04-17,BITO,12.347274200766888,12.478579562403343,11.79941157596213,12.062023162841797,14154800
2024-04-18,BITO,12.378969686680605,12.716289333459686,12.24766344957794,12.573664665222168,9383100
2024-04-19,BITO,12.813635849734851,12.89966403773145,12.569135820174473,12.7230806350708,10397400
2024-04-22,BITO,13.058137797790517,13.23019332407628,12.98569327476421,13.144165992736816,9818200
2024-04-23,BITO,13.085304919228806,13.284527799116866,13.062666328526314,13.135110855102539,5901400
2024-04-24,BITO,13.030971457473855,13.098888090589398,12.569136970517215,12.60988712310791,9897900
2024-04-25,BITO,12.460469757038751,12.804581665098443,12.388025235721638,12.777414321899414,7936000
2024-04-26,BITO,12.573665579689582,12.790546633508253,12.46952667872126,12.541971206665039,7664400
2024-04-29,BITO,12.311054497632922,12.460471451114447,12.138998088407568,12.410665512084961,5918800
2024-04-30,BITO,12.016747410289693,12.107302634369425,11.582079398443666,11.595663070678711,13204900
2024-05-01,BITO,11.344161107029436,11.697908756288907,11.116405961124299,11.174555778503418,20276100
2024-05-02,BITO,11.557380201515995,11.741522537238925,11.460462598961973,11.693063735961914,7672900
2024-05-03,BITO,12.056505440946077,12.264877675424906,12.046814418437116,12.221264839172363,8522100
2024-05-06,BITO,12.50716936478044,12.65254577703898,12.339987461171669,12.434481620788574,7638100
2024-05-07,BITO,12.531398155128475,12.676773630654784,12.366638789918802,12.41025161743164,5992900
2024-05-08,BITO,12.192189923095642,12.366641268105807,12.14373111345116,12.221264839172363,5703500
2024-05-09,BITO,12.0516592411345,12.354525617151126,11.964433576957738,12.289106369018555,7056200
2024-05-10,BITO,12.356946120341316,12.428179969772875,11.833593145156671,11.940201759338379,10976400
2024-05-13,BITO,12.376332988842298,12.502324597631894,12.313336260172601,12.444174766540527,5842500
2024-05-14,BITO,12.192187047193906,12.260028810128667,12.01773574333344,12.104961395263672,4944300
2024-05-15,BITO,12.652546530850806,13.097880647005088,12.59439577762793,13.006294250488281,14411500
2024-05-16,BITO,13.006293392771116,13.08382710910531,12.715541494380481,12.836688041687012,6815800
2024-05-17,BITO,13.054752815341402,13.301891894474046,12.948143257122508,13.190436363220215,9684700
2024-05-20,BITO,13.180745487161957,13.820399146448445,13.12744070746313,13.79616928100586,9396700
2024-05-21,BITO,13.975463176280076,14.036036438686189,13.604755106122555,13.621715545654297,7868900
2024-05-22,BITO,13.723481068949111,13.91731536455789,13.612026464508418,13.699252128601074,6222100
2024-05-23,BITO,13.621717511145587,13.65079242249887,13.103210458017308,13.180744171142578,7309300
2024-05-24,BITO,13.267969297120823,13.64110088022973,13.16136066949319,13.602334022521973,5637800
2024-05-28,BITO,13.432728167084187,13.464226526620244,13.19528105704069,13.427882194519043,4803400
2024-05-29,BITO,13.315944212214115,13.34065839674712,13.168629593581839,13.195281982421875,3841900
2024-05-30,BITO,13.398807321927016,13.670175316431997,13.360040465569163,13.505416870117188,7507300
2024-05-31,BITO,13.4714961095609,13.5005719472962,13.030522737598696,13.219511985778809,10617900
2024-06-03,BITO,13.70037296361586,13.804006052063082,13.469788180535623,13.555285453796387,9669700
2024-06-04,BITO,13.60709968284131,13.962044691772407,13.56046445675371,13.819548606872559,7516300
2024-06-05,BITO,13.943910556450058,14.09936066987612,13.788460443023995,13.975000381469727,6188200
2024-06-06,BITO,13.943909398981809,14.065679270331799,13.798821913720708,13.804003715515137,4764000
2024-06-07,BITO,14.011274205613132,14.073453861015905,13.363563696588734,13.555285453796387,8724100
2024-06-10,BITO,13.550101216128498,13.752187530691462,13.529374997494742,13.591554641723633,4939400
2024-06-11,BITO,13.130384846708695,13.234018902399976,12.91793592203641,13.177020072937012,6791000
2024-06-12,BITO,13.55528559259998,13.715917523751086,13.14075125791073,13.208112716674805,8419700
2024-06-13,BITO,13.316926995498346,13.368743039856296,12.92830073284755,13.021570205688477,7856000
2024-06-14,BITO,13.161992180004827,13.177019700768914,12.705486638513877,12.793575286865234,7119500
2024-06-17,BITO,12.829850778355487,13.159923626153933,12.700308667493651,13.037117958068848,6331000
2024-06-18,BITO,12.658852292146113,12.759894957023624,12.493038586877619,12.550036430358887,6669300
2024-06-20,BITO,12.75212540421098,12.793059967040765,12.588902071700922,12.684762954711914,6318600
2024-06-21,BITO,12.41013266837828,12.565582781686615,12.358315634499597,12.539674758911133,6004200
2024-06-24,BITO,11.933418977532675,12.031870264986996,11.492975626220804,11.539610862731934,16587800
2024-06-25,BITO,11.954145673149302,12.174367851681119,11.886784211261649,12.083687782287598,12901100
2024-06-26,BITO,12.000777899566828,12.083684749541261,11.824600596289253,11.881599426269531,5496800
2024-06-27,BITO,12.010625406486605,12.169184805365571,11.948962649334307,11.964508056640625,5218300
2024-06-28,BITO,11.96450662696604,12.044823072626462,11.648423634468243,11.663969039916992,10778500
2024-07-01,BITO,12.270848057998034,12.44297277650388,12.16535178450863,12.298609733581543,12910800
2024-07-02,BITO,12.231982876648557,12.287506235024196,12.004333718379868,12.043200492858887,5981600
2024-07-03,BITO,11.710055571802913,11.843313544144314,11.637873508217849,11.748922348022461,4561700
2024-07-05,BITO,10.802232488675527,11.10206366094483,10.763365720205064,10.97158145904541,19552100
2024-07-08,BITO,11.138155303172145,11.17147058891049,10.693962083729254,10.97713565826416,13741800
2024-07-09,BITO,11.132601799404366,11.349146901944538,11.08262993412895,11.260308265686035,8911700
2024-07-10,BITO,11.288068846912113,11.29084459069578,11.149258358849229,11.154810905456543,7173600
2024-07-11,BITO,11.437984428189623,11.4796269391845,11.118719882028998,11.154810905456543,7814900
2024-07-12,BITO,11.204784430103073,11.396342550827145,11.185351043611071,11.226993560791016,8204500
2024-07-15,BITO,12.22643016541652,12.442974225496705,12.154248106029684,12.331925392150879,13611400
2024-07-16,BITO,12.43186690029565,12.695607037901524,12.265294739197191,12.687278747558594,10319900
2024-07-17,BITO,12.603995357590367,12.723372486842415,12.409660422130742,12.559576034545898,7465800
2024-07-18,BITO,12.603994666719235,12.637308892416462,12.281954327538998,12.337477684020996,7094200
2024-07-19,BITO,12.46518441306974,13.131474235879246,12.45963186549964,13.070398330688477,11495400
2024-07-22,BITO,13.131471814503195,13.26195401073988,12.926032887492209,13.259177207946777,6905700
2024-07-23,BITO,12.931588642367332,13.081503200149724,12.703938413651374,12.72614860534668,9498000
2024-07-24,BITO,12.959349388889839,13.042635483663856,12.726147688098498,12.748356819152832,6301600
2024-07-25,BITO,12.476289201511943,12.642862461539101,12.287506808905299,12.531813621520996,6464400
2024-07-26,BITO,13.087055323801868,13.236970935764347,12.970454998302293,13.192551612854004,6837200
2024-07-29,BITO,13.520143933741187,13.52569648124569,12.862182410539747,13.009321212768555,11833800
2024-07-30,BITO,12.881615993564232,12.953796994142303,12.665070873749688,12.742805480957031,6819200
2024-07-31,BITO,12.826091227389192,12.928810707389664,12.553466761101918,12.598442077636719,8494300
2024-08-01,BITO,12.478050309123347,12.555148027640666,12.018425422775191,12.22303295135498,9110800
2024-08-02,BITO,12.525495142567786,12.673760940920644,12.045113141456175,12.068836212158203,12462600
2024-08-05,BITO,9.59576310730177,10.728513770160923,9.577970803428045,10.325230598449707,24236000
2024-08-06,BITO,10.645484889640569,11.030975743302406,10.503148726241529,10.97166919708252,10242000
2024-08-07,BITO,11.054698443015377,11.108074225164653,10.553560411923138,10.556525230407715,11338200
2024-08-08,BITO,11.167379621944123,11.579558350604989,10.953876515400498,11.505425453186035,11706600
2024-08-09,BITO,11.656655787459863,11.801955615366584,11.499493294739928,11.74264907836914,9686700
2024-08-12,BITO,11.487636832907231,11.724861931094633,11.167382101970366,11.386816024780273,10249100
2024-08-13,BITO,11.363089051470487,11.896845622091247,11.357751021981256,11.74264907836914,5557400
2024-08-14,BITO,11.71892837717785,11.760442618097256,11.324540826087036,11.351228713989258,5277500
2024-08-15,BITO,11.4046050830698,11.552870883310993,10.936085742520337,11.00725269317627,8251000
2024-08-16,BITO,11.309714366403066,11.564731708135072,11.131795869518427,11.535079002380371,5604900
2024-08-19,BITO,11.327509467438798,11.443749369638152,11.204744927677302,11.386816024780273,4837800
2024-08-20,BITO,11.671485603374594,11.769340456965343,11.291925463810685,11.475774765014648,7658100
2024-08-21,BITO,11.475773752256597,11.890917335472828,11.357160653521477,11.879056930541992,6895000
2024-08-22,BITO,11.724859483368288,11.754512190259366,11.58252445417025,11.624038696289062,4497600
2024-08-23,BITO,11.772306886864733,12.31733130661798,11.71300032984501,12.270480155944824,11118100
2024-08-26,BITO,12.306061997450012,12.317923533508669,12.145934654193162,12.205241203308105,5369900
2024-08-27,BITO,12.009530738336826,12.021392274746388,11.819750680497327,11.962085723876953,6388800
2024-08-28,BITO,11.5113562890026,11.552870530814946,11.131796213943167,11.327507019042969,10751500
2024-08-29,BITO,11.588454075343574,11.766372561445161,11.321575215013045,11.392742156982422,9660200
2024-08-30,BITO,11.446119383030906,11.511356697438282,11.09028236562632,11.268200874328613,8959200
2024-09-03,BITO,11.362571997200059,11.362571997200059,11.026888007161014,11.140893936157227,9803200
2024-09-04,BITO,10.836881336417777,11.248568565141065,10.767210762555132,11.159897804260254,7811900
2024-09-05,BITO,10.862213986245104,10.995221319261129,10.697538873393455,10.748208045959473,8055700
2024-09-06,BITO,10.90021540821816,10.925550598164067,10.20351459738261,10.254183769226074,10673700
2024-09-09,BITO,10.6532041886862,11.001555829691583,10.526531853087514,10.98255443572998,9166400
2024-09-10,BITO,10.93821726596318,11.151028252886228,10.8495453167171,11.140893936157227,5701900
2024-09-11,BITO,10.906548603561953,11.147228062566931,10.653202758331672,11.064889907836914,7489800
2024-09-12,BITO,11.077557292087935,11.254899984410983,11.001554143983958,11.210564613342285,6228200
2024-09-13,BITO,11.083889888936948,11.536746058185935,11.074389798464688,11.476576805114746,8726400
2024-09-16,BITO,11.229566478902274,11.239067779875073,11.026889776193023,11.115560531616211,6066400
2024-09-17,BITO,11.381572449949545,11.793260805099932,11.31190309794807,11.514579772949219,10714200
2024-09-18,BITO,11.489245090864083,11.774259932674804,11.3562389700513,11.520914077758789,8646600
2024-09-19,BITO,12.141611099243166,12.268284624203956,12.027605168388106,12.141611099243164,8260500
2024-09-20,BITO,12.071940105389356,12.198613625792726,11.969335737749885,12.059273719787598,5758700
2024-09-23,BITO,12.147945404052734,12.246116242354814,12.09094243624261,12.147945404052734,4845600
2024-09-24,BITO,12.179615153371392,12.363291681157603,12.021273818955075,12.350624084472656,6002100
2024-09-25,BITO,12.185947305333706,12.280951851538221,12.071941366668947,12.116276741027832,4234400
2024-09-26,BITO,12.356956088131676,12.6419697238575,12.306286916799419,12.420292854309082,8027500
2024-09-27,BITO,12.591299057006836,12.781309332970782,12.53746359738171,12.591299057006836,11135500
2024-09-30,BITO,12.249284256496576,12.280952036358546,12.065607750761732,12.154279708862305,7937500
2024-10-01,BITO,12.128088125633704,12.148234913132363,11.671437855948918,11.81246280670166,11245200
2024-10-02,BITO,11.644577575768865,11.946773005243623,11.483407107005338,11.510268211364746,7711100
2024-10-03,BITO,11.570705892846625,11.684868454472754,11.456543331220498,11.67143726348877,6171100
2024-10-04,BITO,11.765455912555428,11.964232698731154,11.617715353465204,11.933341979980469,5808800
2024-10-07,BITO,12.067648055804705,12.349696653344708,11.993779069429849,12.107941627502441,6430700
2024-10-08,BITO,11.966917785417232,12.101227141652087,11.815820079870257,11.899763107299805,6843100
2024-10-09,BITO,11.82589445671882,11.93334143247159,11.607642066732199,11.65129280090332,5583900
2024-10-10,BITO,11.6714372270456,11.678152822516623,11.238292206549955,11.40953540802002,8612900
2024-10-11,BITO,11.738592555118714,12.138162182266353,11.738592555118714,12.07436466217041,8007200
2024-10-14,BITO,12.383274626834165,12.692184324564188,12.363127840990057,12.604884147644043,9677500
2024-10-15,BITO,12.604885272692902,13.01452637446832,12.392004853966219,12.813063621520996,11406900
2024-10-16,BITO,12.994382060444414,13.074966656672595,12.839927183616181,12.940658569335938,6649900
2024-10-17,BITO,12.80634931293118,12.940658682309437,12.732479031686232,12.766057014465332,6041500
2024-10-18,BITO,12.95408853381575,13.2059176146672,12.940657342095125,13.108543395996094,10171100
2024-10-21,BITO,12.974235270952837,12.974235270952837,12.752625710021745,12.940658569335938,8824200
2024-10-22,BITO,12.819779600450206,12.927226576015098,12.712332624885311,12.886934280395508,6108100
2024-10-23,BITO,12.69890204408095,12.772772323663993,12.437000188641505,12.672040939331055,9757100
2024-10-24,BITO,12.88693424158146,13.038031950786058,12.83925389380762,13.027957916259766,8008600
2024-10-25,BITO,12.980949101222365,13.14614916614229,12.564591141130823,12.732477188110352,15190400
2024-10-28,BITO,13.162267909508632,13.357015081184644,13.05482092909379,13.289861679077148,12549900
2024-10-29,BITO,13.6054848263463,14.088996160115173,13.545045749516587,13.860671043395996,17098600
2024-10-30,BITO,13.733080415809283,13.860672900999624,13.645778946080096,13.739794731140137,11475900
2024-10-31,BITO,13.75322371539908,13.759939310520723,13.323435874564359,13.350296974182129,11742000
2024-11-01,BITO,13.367265477156282,13.678296888911879,13.109251258276979,13.204681396484375,14770500
2024-11-04,BITO,13.049161583659924,13.098644913192532,12.787613583259043,12.808820724487305,11505500
2024-11-05,BITO,13.20468067219366,13.437953881144269,13.09864764054032,13.24002456665039,12813300
2024-11-06,BITO,14.173117418865475,14.600786092672797,14.017602395479363,14.51949405670166,23669800
2024-11-07,BITO,14.307427743980588,14.682079256539462,14.222601851356515,14.611390113830566,12460000
2024-11-08,BITO,14.540699733743784,14.759834844038574,14.436081051858002,14.632596015930176,10982500
2024-11-11,BITO,15.61517347660297,16.700247661226328,15.579829576421657,16.618955612182617,30678900
2024-11-12,BITO,16.442229446226005,17.16679001133048,16.265507291406227,17.09963607788086,23886500
2024-11-13,BITO,17.142049017518353,17.83479954082395,17.02894694629634,17.09963607788086,24749200
2024-11-14,BITO,17.382391834078685,17.495493909062503,16.647934847021133,16.668434143066406,16020000
2024-11-15,BITO,17.0006708303936,17.446011417569956,16.707312753187754,17.431873321533203,13371400
2024-11-18,BITO,17.205670651464743,17.66514802574161,17.07136142418028,17.43894386291504,16977100
2024-11-19,BITO,17.453080137714693,17.95497040304345,17.368252911370792,17.636871337890625,19092200
2024-11-20,BITO,18.018592481287744,18.110488765694722,17.749975373301616,17.9691104888916,15902600
2024-11-21,BITO,18.52048514586257,18.87746335896555,18.18117753295571,18.683069229125977,20992500
2024-11-22,BITO,18.577035182189622,18.987030566772315,18.463933100117373,18.866859436035156,14760000
2024-11-25,BITO,18.50634684206119,18.52755264068743,17.921042261222247,18.011524200439453,12801800
2024-11-26,BITO,17.509630577014363,18.01858987291901,17.223340214658823,17.24808120727539,11759800
2024-11-27,BITO,17.983249626303547,18.5098809738728,17.919629532890944,18.372037887573242,11259500
2024-11-29,BITO,18.52048359616129,18.83858268702277,18.45686350833237,18.478069305419922,10483700
2024-12-02,BITO,18.210568391005516,18.51922214006293,17.901914641948103,18.151777267456055,12870900
2024-12-03,BITO,17.850474613767425,18.284794211021968,17.74024001809822,18.129732131958008,6279500
2024-12-04,BITO,18.181175442398718,18.835226986316524,17.93792735214902,18.77643585205078,9010900
2024-12-05,BITO,19.51132460066437,19.678879954374043,18.515549208497102,18.732341766357422,17151700
2024-12-06,BITO,18.805831809946437,19.3423010764871,18.68090047648028,19.195323944091797,10001600
2024-12-09,BITO,18.74703896264122,19.026296469844098,18.15912628173828,18.15912628173828,10072000
2024-12-10,BITO,18.54861733766001,18.600059396488124,17.824750476944768,18.232614517211914,7720500
2024-12-11,BITO,18.658853429400494,19.250440001514452,18.62945856335602,19.173276901245117,9415100
2024-12-12,BITO,19.18062491621141,19.40844037190344,18.75438886925965,18.871971130371094,6421300
2024-12-13,BITO,18.989554432970777,19.290859168805397,18.84257589767483,19.173276901245117,6329900
2024-12-16,BITO,19.709743382200845,20.39319109170699,19.672999454423717,19.981653213500977,11282000
2024-12-17,BITO,20.378494083138637,20.488727274236833,19.966956182249536,20.150678634643555,7843400
2024-12-18,BITO,19.739139651727722,19.827325639095818,18.87196949969245,18.960155487060547,12002000
2024-12-19,BITO,19.320255484411327,19.4121167187761,18.012151002448093,18.16647720336914,14276200
2024-12-20,BITO,17.938661734618034,18.456759040367718,17.89456873459648,18.16647720336914,12078000
2024-12-23,BITO,17.97640065861166,18.00718140254062,17.372313697767325,17.499286651611328,12744000
2024-12-24,BITO,18.245736287900165,18.707459154018093,18.17647925237018,18.661287307739258,8575500
2024-12-26,BITO,17.9840960389248,18.176480456908358,17.884055319618437,17.95331382751465,6901600
2024-12-27,BITO,18.114917918073385,18.114917918073385,17.499286885715268,17.74553871154785,11061200
2024-12-30,BITO,17.406941370585944,17.79940425973969,17.076039963697113,17.691669464111328,9958000
